AATBC	14
ABALON	6
AC000120.1	0
AC000123.2	0
AC000123.3	0
AC000403.1	0
AC002044.2	0
AC002059.1	0
AC002066.1	0
AC002076.1	0
AC002091.1	0
AC002091.2	0
AC002116.1	0
AC002116.2	0
AC002128.1	0
AC002310.1	0
AC002350.1	0
AC002351.1	0
AC002401.2	0
AC002401.4	0
AC002454.1	1
AC002456.1	0
AC002467.1	0
AC002470.1	0
AC002553.1	0
AC002553.2	0
AC003035.2	0
AC003092.1	3
AC003101.2	0
AC003102.1	0
AC003958.2	0
AC003973.2	0
AC003991.2	0
AC004069.1	0
AC004130.1	0
AC004148.2	0
AC004160.1	0
AC004221.1	0
AC004223.2	0
AC004233.3	0
AC004241.1	0
AC004241.3	0
AC004263.1	0
AC004264.2	0
AC004408.2	0
AC004453.2	0
AC004466.1	0
AC004466.2	0
AC004477.3	0
AC004492.1	0
AC004494.1	0
AC004540.1	0
AC004540.2	0
AC004584.3	0
AC004593.1	0
AC004674.1	0
AC004678.2	0
AC004687.1	0
AC004706.1	0
AC004707.1	0
AC004771.2	0
AC004771.3	0
AC004771.4	0
AC004784.1	0
AC004803.1	0
AC004816.1	0
AC004825.2	0
AC004832.4	0
AC004832.6	0
AC004836.1	0
AC004839.1	0
AC004846.1	0
AC004846.2	0
AC004877.2	0
AC004889.1	0
AC004895.1	0
AC004908.3	0
AC004918.1	0
AC004918.3	0
AC004923.4	0
AC004943.1	0
AC004947.2	0
AC004951.1	0
AC004951.4	0
AC004982.1	0
AC004982.2	0
AC005005.4	0
AC005009.2	0
AC005013.1	0
AC005014.2	0
AC005034.3	0
AC005034.4	0
AC005037.1	0
AC005041.3	0
AC005046.1	0
AC005050.1	0
AC005070.3	0
AC005072.1	0
AC005076.1	0
AC005083.1	0
AC005089.1	0
AC005180.1	0
AC005224.1	0
AC005225.2	0
AC005225.4	0
AC005229.4	0
AC005256.1	0
AC005264.1	0
AC005280.1	0
AC005288.1	0
AC005291.1	0
AC005291.2	0
AC005306.1	0
AC005329.1	0
AC005332.3	0
AC005332.5	0
AC005332.6	0
AC005332.7	0
AC005336.3	0
AC005355.2	0
AC005381.1	0
AC005476.2	0
AC005519.1	0
AC005534.1	0
AC005538.2	0
AC005546.1	0
AC005562.1	0
AC005592.1	0
AC005593.1	0
AC005609.1	0
AC005609.3	0
AC005609.5	0
AC005670.1	0
AC005674.2	0
AC005726.3	0
AC005726.5	0
AC005730.2	0
AC005740.4	0
AC005746.1	0
AC005746.2	0
AC005753.1	0
AC005790.1	0
AC005828.4	0
AC005838.2	0
AC005839.1	0
AC005840.2	0
AC005840.4	0
AC005863.1	0
AC005865.1	0
AC005912.2	0
AC005921.3	0
AC005962.1	0
AC005993.1	0
AC006001.2	0
AC006017.1	0
AC006027.1	0
AC006033.2	0
AC006058.1	0
AC006058.2	0
AC006058.3	0
AC006059.1	0
AC006064.2	0
AC006064.4	0
AC006077.2	0
AC006111.2	0
AC006116.10	0
AC006160.1	0
AC006213.2	0
AC006213.7	0
AC006249.1	0
AC006252.1	0
AC006262.2	0
AC006329.1	1
AC006330.1	0
AC006333.2	0
AC006378.2	0
AC006387.1	0
AC006435.1	0
AC006435.2	0
AC006449.6	0
AC006450.1	0
AC006480.2	0
AC006483.2	0
AC006504.1	0
AC006504.5	0
AC006547.2	0
AC006942.1	0
AC006946.2	0
AC007009.1	0
AC007032.1	0
AC007036.1	0
AC007038.1	0
AC007038.2	0
AC007064.2	0
AC007098.1	0
AC007114.1	0
AC007128.2	0
AC007191.1	0
AC007216.3	0
AC007216.4	0
AC007250.1	0
AC007277.1	0
AC007292.1	0
AC007292.2	0
AC007319.1	0
AC007336.1	0
AC007336.3	0
AC007342.4	0
AC007342.6	0
AC007364.1	0
AC007375.2	0
AC007382.1	0
AC007383.2	0
AC007389.5	0
AC007390.2	0
AC007405.3	0
AC007406.2	0
AC007431.3	0
AC007448.3	0
AC007485.2	0
AC007497.1	0
AC007541.1	0
AC007546.1	0
AC007552.2	0
AC007566.1	0
AC007569.1	0
AC007598.3	0
AC007610.4	0
AC007611.1	0
AC007613.1	0
AC007620.2	0
AC007622.2	0
AC007639.1	0
AC007655.1	0
AC007663.4	0
AC007684.1	0
AC007686.3	0
AC007728.3	0
AC007731.2	0
AC007744.1	0
AC007773.1	0
AC007785.3	0
AC007787.2	0
AC007848.1	0
AC007878.1	0
AC007879.3	0
AC007881.3	0
AC007938.1	0
AC007938.2	0
AC007950.3	0
AC007952.4	0
AC007952.5	0
AC007952.6	0
AC007952.7	0
AC007998.4	0
AC008014.1	0
AC008026.3	0
AC008035.1	0
AC008063.2	0
AC008074.2	0
AC008079.1	0
AC008083.1	0
AC008105.1	0
AC008105.3	0
AC008109.1	0
AC008115.3	0
AC008124.1	0
AC008147.2	0
AC008267.5	0
AC008280.3	0
AC008393.1	0
AC008403.4	0
AC008406.3	1
AC008434.1	0
AC008438.1	0
AC008443.3	0
AC008443.5	0
AC008443.6	0
AC008467.1	0
AC008537.3	0
AC008543.3	0
AC008555.1	0
AC008555.4	0
AC008556.1	0
AC008568.2	0
AC008608.2	0
AC008610.1	0
AC008622.2	0
AC008641.1	0
AC008655.2	0
AC008663.1	0
AC008663.2	0
AC008676.1	0
AC008691.1	0
AC008735.1	0
AC008735.4	0
AC008736.2	0
AC008738.5	0
AC008738.7	0
AC008747.1	0
AC008750.2	0
AC008750.5	0
AC008752.2	0
AC008758.2	0
AC008760.1	0
AC008763.1	0
AC008764.10	0
AC008764.8	0
AC008770.3	0
AC008771.1	0
AC008780.2	0
AC008781.1	0
AC008825.1	0
AC008870.1	0
AC008870.2	0
AC008870.3	0
AC008875.1	0
AC008894.3	0
AC008895.1	0
AC008897.3	0
AC008906.1	0
AC008915.2	0
AC008946.1	0
AC008957.1	0
AC008966.1	0
AC008966.2	0
AC008969.1	0
AC008982.2	0
AC009005.1	0
AC009021.1	0
AC009022.1	1
AC009032.1	0
AC009041.2	0
AC009054.2	0
AC009055.1	0
AC009061.2	0
AC009065.1	0
AC009065.2	0
AC009065.4	0
AC009065.8	0
AC009078.3	0
AC009086.3	0
AC009088.1	0
AC009090.4	0
AC009090.5	0
AC009093.6	0
AC009102.2	0
AC009107.2	0
AC009108.3	0
AC009113.1	0
AC009118.2	0
AC009119.1	0
AC009120.2	0
AC009120.5	0
AC009121.2	0
AC009126.1	0
AC009133.1	0
AC009133.2	0
AC009133.3	0
AC009133.4	0
AC009139.1	0
AC009148.1	0
AC009152.1	0
AC009163.3	0
AC009166.1	0
AC009171.2	0
AC009226.1	0
AC009229.4	0
AC009237.14	1
AC009269.5	0
AC009275.1	0
AC009303.4	0
AC009309.1	0
AC009318.1	0
AC009318.4	0
AC009336.1	0
AC009403.1	0
AC009404.1	0
AC009464.1	0
AC009506.1	0
AC009549.1	0
AC009570.1	0
AC009630.1	0
AC009704.2	0
AC009779.2	0
AC009831.1	0
AC009902.3	0
AC009948.2	0
AC009948.4	0
AC009949.1	0
AC009951.1	0
AC009955.3	0
AC009955.4	0
AC010132.4	0
AC010168.2	0
AC010185.1	0
AC010186.1	0
AC010201.2	0
AC010207.1	0
AC010210.1	0
AC010240.3	0
AC010245.2	0
AC010247.1	0
AC010247.2	0
AC010273.1	0
AC010327.4	0
AC010327.5	0
AC010329.1	0
AC010333.3	0
AC010335.3	0
AC010336.1	0
AC010336.2	0
AC010343.3	0
AC010359.1	0
AC010422.2	0
AC010422.4	0
AC010435.1	0
AC010442.1	0
AC010457.1	1
AC010487.2	0
AC010501.1	0
AC010503.4	0
AC010504.1	0
AC010530.1	0
AC010531.4	0
AC010531.6	0
AC010536.1	0
AC010536.3	0
AC010538.1	0
AC010542.4	0
AC010615.2	0
AC010618.4	0
AC010619.2	0
AC010642.2	0
AC010655.2	0
AC010655.4	0
AC010680.2	0
AC010680.3	0
AC010680.4	0
AC010719.1	0
AC010735.1	0
AC010735.2	0
AC010809.1	0
AC010809.2	0
AC010883.1	0
AC010889.1	0
AC010894.2	0
AC010913.1	0
AC010931.2	0
AC010973.2	0
AC010980.2	0
AC010997.4	0
AC010999.2	0
AC011008.2	0
AC011199.1	0
AC011239.1	0
AC011266.1	0
AC011287.1	0
AC011297.1	0
AC011298.1	0
AC011313.1	0
AC011337.1	0
AC011369.2	0
AC011374.2	0
AC011379.2	0
AC011444.2	0
AC011445.1	0
AC011445.2	0
AC011447.3	0
AC011447.6	0
AC011447.7	0
AC011450.1	0
AC011461.1	0
AC011462.5	0
AC011466.4	0
AC011468.2	0
AC011468.5	0
AC011472.1	0
AC011476.3	0
AC011479.3	0
AC011481.4	0
AC011498.2	0
AC011498.7	0
AC011511.5	1
AC011603.2	0
AC011676.5	0
AC011700.1	0
AC011747.1	0
AC011773.4	0
AC011816.2	0
AC011840.1	0
AC011933.2	0
AC011939.3	0
AC011944.2	0
AC012020.1	0
AC012065.4	0
AC012074.1	0
AC012087.2	0
AC012123.1	0
AC012146.1	0
AC012173.1	0
AC012181.1	0
AC012181.2	1
AC012184.1	0
AC012184.3	0
AC012213.3	1
AC012236.1	0
AC012254.1	0
AC012306.2	0
AC012313.1	0
AC012313.10	0
AC012313.3	0
AC012313.6	0
AC012313.7	0
AC012354.1	0
AC012358.1	0
AC012360.1	1
AC012360.3	0
AC012368.1	0
AC012414.3	0
AC012462.3	0
AC012464.2	0
AC012508.1	0
AC012508.2	0
AC012510.1	0
AC012531.1	0
AC012555.1	0
AC012557.1	0
AC012603.1	0
AC012615.1	0
AC012615.6	0
AC012617.1	0
AC012636.1	0
AC012640.2	0
AC012640.4	0
AC012645.1	0
AC012676.4	0
AC012676.5	0
AC013248.1	0
AC013275.1	0
AC013391.3	0
AC013400.1	0
AC013403.2	0
AC013468.1	0
AC013472.1	0
AC013472.3	0
AC013731.1	0
AC015574.1	0
AC015660.3	0
AC015689.1	0
AC015712.7	0
AC015726.1	0
AC015799.1	0
AC015813.1	0
AC015813.7	0
AC015818.2	0
AC015819.2	0
AC015871.3	0
AC015871.4	0
AC015883.1	0
AC015909.1	0
AC015909.3	0
AC015909.5	0
AC015911.6	0
AC015917.2	0
AC015922.3	0
AC015936.1	0
AC015961.2	0
AC015982.1	0
AC015987.1	0
AC016026.1	0
AC016027.1	1
AC016065.1	0
AC016205.1	0
AC016251.1	0
AC016355.1	0
AC016394.1	0
AC016394.2	1
AC016405.2	0
AC016405.3	3
AC016526.2	0
AC016526.3	0
AC016586.1	0
AC016590.1	0
AC016596.1	0
AC016708.1	0
AC016723.1	0
AC016727.1	1
AC016735.1	0
AC016737.1	0
AC016745.2	0
AC016747.1	0
AC016747.3	0
AC016747.4	0
AC016773.1	0
AC016825.1	0
AC016831.1	0
AC016831.5	0
AC016866.1	0
AC016876.1	0
AC016876.2	0
AC016949.1	0
AC016957.2	0
AC016987.1	0
AC017002.1	0
AC017002.3	0
AC017033.1	0
AC017048.3	0
AC017071.1	0
AC017074.1	0
AC017083.1	0
AC017100.1	0
AC017116.1	0
AC018445.3	0
AC018445.4	0
AC018521.5	0
AC018529.3	0
AC018553.1	0
AC018558.1	0
AC018629.1	0
AC018635.2	0
AC018638.6	0
AC018638.7	0
AC018645.2	0
AC018647.1	0
AC018647.2	0
AC018648.1	0
AC018653.3	0
AC018690.1	0
AC018695.6	0
AC018742.1	0
AC018809.1	0
AC018809.2	0
AC018816.1	0
AC018926.2	0
AC019069.1	0
AC019080.5	0
AC019117.2	0
AC019131.2	0
AC019163.1	0
AC019171.1	0
AC019294.2	0
AC020558.1	0
AC020594.1	0
AC020604.1	0
AC020656.1	0
AC020658.3	0
AC020659.1	0
AC020661.4	0
AC020663.3	0
AC020763.1	0
AC020763.2	0
AC020763.4	0
AC020891.2	0
AC020907.5	0
AC020910.4	0
AC020915.3	0
AC020916.1	0
AC020917.4	0
AC020928.2	0
AC020931.1	0
AC020951.1	0
AC020978.5	0
AC020978.6	0
AC020978.7	0
AC020978.9	0
AC021016.2	0
AC021016.3	0
AC021028.1	0
AC021074.3	0
AC021078.1	0
AC021087.1	0
AC021087.3	0
AC021092.1	0
AC021097.1	0
AC021127.1	0
AC021180.1	0
AC021205.3	0
AC021218.1	0
AC021242.3	0
AC021321.1	0
AC021491.2	0
AC021491.4	0
AC021504.1	0
AC021739.2	0
AC021851.1	0
AC021945.1	0
AC022028.2	0
AC022034.1	0
AC022079.2	0
AC022098.1	0
AC022101.1	0
AC022107.1	0
AC022144.1	0
AC022148.2	0
AC022150.4	0
AC022167.1	0
AC022167.2	0
AC022167.3	0
AC022167.4	0
AC022211.1	0
AC022211.2	0
AC022211.3	0
AC022211.4	0
AC022239.1	0
AC022306.2	0
AC022336.3	0
AC022400.5	0
AC022400.6	0
AC022400.8	0
AC022431.1	0
AC022498.2	0
AC022509.1	0
AC022509.2	0
AC022509.3	0
AC022532.1	0
AC022558.3	0
AC022613.1	0
AC022613.2	0
AC022613.3	0
AC022730.4	0
AC022733.2	0
AC022762.2	0
AC022784.1	1
AC022816.1	0
AC022819.1	0
AC022893.1	0
AC022898.2	0
AC022929.2	0
AC023024.1	0
AC023034.2	0
AC023043.1	0
AC023090.2	0
AC023137.1	0
AC023158.2	0
AC023300.3	0
AC023355.1	0
AC023509.1	0
AC023509.3	0
AC023790.2	0
AC023794.1	0
AC023794.6	0
AC023796.1	0
AC023818.1	0
AC023824.3	0
AC023830.3	0
AC023983.2	0
AC024060.1	0
AC024075.1	0
AC024075.2	0
AC024243.1	0
AC024267.1	0
AC024267.6	0
AC024337.2	0
AC024361.1	0
AC024361.2	0
AC024475.4	0
AC024560.1	0
AC024575.1	0
AC024580.1	0
AC024581.1	0
AC024884.2	0
AC024909.1	0
AC024940.6	0
AC025031.2	0
AC025031.4	0
AC025034.1	0
AC025154.2	0
AC025159.1	0
AC025162.2	0
AC025164.1	0
AC025171.1	0
AC025171.3	0
AC025171.4	0
AC025171.5	0
AC025176.1	0
AC025178.1	0
AC025181.2	0
AC025265.1	0
AC025271.4	0
AC025279.1	0
AC025287.3	0
AC025423.1	0
AC025569.1	0
AC025594.2	0
AC025678.3	0
AC025682.1	0
AC025754.2	0
AC025809.2	0
AC025918.1	0
AC026108.1	0
AC026124.1	0
AC026150.1	0
AC026191.1	0
AC026202.2	0
AC026250.1	0
AC026271.3	0
AC026304.1	0
AC026310.3	0
AC026333.3	0
AC026333.4	0
AC026355.2	0
AC026356.2	0
AC026362.1	0
AC026362.2	0
AC026367.2	0
AC026367.3	0
AC026368.1	0
AC026401.3	2
AC026462.3	0
AC026471.4	0
AC026471.6	0
AC026585.1	0
AC026688.2	0
AC026740.1	0
AC026765.2	0
AC026801.2	0
AC026803.2	0
AC026904.2	0
AC026979.2	0
AC027013.1	0
AC027020.2	0
AC027045.2	0
AC027045.3	0
AC027088.3	0
AC027097.1	0
AC027097.2	0
AC027117.1	0
AC027117.2	0
AC027228.2	0
AC027271.1	0
AC027279.1	0
AC027290.2	0
AC027307.2	0
AC027348.1	1
AC027373.1	0
AC027514.1	0
AC027575.2	0
AC027601.3	0
AC027644.3	0
AC027682.4	0
AC027682.6	0
AC027682.7	0
AC027688.1	0
AC027688.2	0
AC027702.1	0
AC027796.4	0
AC027796.5	0
AC027801.4	0
AC034102.6	0
AC034111.1	0
AC034228.1	0
AC034231.1	0
AC034236.3	0
AC034243.1	0
AC035140.1	0
AC036108.2	0
AC036108.3	0
AC036176.1	0
AC036214.1	0
AC036214.2	0
AC037198.1	0
AC037459.3	0
AC039056.2	0
AC040160.1	0
AC040162.3	0
AC040169.1	1
AC040169.3	0
AC040174.1	0
AC040934.1	0
AC040970.1	0
AC040977.1	0
AC044810.2	0
AC044839.1	0
AC044849.1	0
AC046143.1	0
AC046185.3	0
AC048341.1	0
AC048341.2	0
AC048382.2	0
AC051619.8	0
AC053503.2	0
AC053503.5	0
AC053513.1	0
AC053527.1	0
AC055713.1	0
AC055764.2	0
AC055811.4	0
AC055854.1	0
AC055855.1	0
AC060780.1	0
AC060814.4	0
AC061961.1	0
AC063949.2	0
AC063952.4	0
AC063965.1	0
AC064799.2	0
AC064801.2	0
AC064807.1	0
AC064836.3	0
AC064875.1	0
AC067750.1	0
AC067751.1	0
AC067852.2	0
AC067852.3	0
AC067930.1	0
AC067930.2	0
AC067956.1	0
AC068025.1	0
AC068152.1	0
AC068234.2	0
AC068254.2	0
AC068338.2	0
AC068385.1	0
AC068491.4	0
AC068506.1	0
AC068512.1	0
AC068580.1	0
AC068594.1	0
AC068620.1	0
AC068620.2	0
AC068669.1	0
AC068790.3	0
AC068790.4	0
AC068790.5	0
AC068790.6	0
AC068790.7	0
AC068831.6	0
AC068860.1	0
AC068870.1	0
AC068870.2	0
AC068888.1	0
AC068888.2	0
AC069061.2	0
AC069148.1	0
AC069185.1	0
AC069222.1	0
AC069228.1	0
AC069234.5	0
AC069281.2	0
AC069307.1	0
AC069360.1	0
AC069503.1	0
AC069528.2	0
AC069544.1	0
AC073046.1	0
AC073072.1	0
AC073130.1	0
AC073195.1	0
AC073263.2	0
AC073288.2	0
AC073316.3	0
AC073332.1	0
AC073343.2	0
AC073349.1	0
AC073352.1	1
AC073365.1	0
AC073367.1	0
AC073370.1	0
AC073389.1	0
AC073439.1	0
AC073476.3	0
AC073487.1	0
AC073508.3	0
AC073529.1	0
AC073548.1	0
AC073569.3	0
AC073575.2	0
AC073578.4	0
AC073611.2	0
AC073655.2	0
AC073842.2	0
AC073862.5	0
AC073896.2	0
AC073911.3	0
AC073957.3	0
AC074050.4	0
AC074138.1	0
AC074183.2	0
AC074194.1	0
AC074212.1	0
AC078785.1	0
AC078795.1	0
AC078795.2	0
AC078846.1	0
AC078850.1	1
AC078880.3	0
AC078905.1	0
AC078909.1	0
AC078923.1	0
AC078925.3	0
AC078925.4	0
AC078993.1	0
AC079145.1	0
AC079160.1	0
AC079171.1	0
AC079174.2	0
AC079193.2	0
AC079305.1	0
AC079316.2	0
AC079322.1	0
AC079336.6	0
AC079341.1	0
AC079385.3	0
AC079465.1	0
AC079466.1	0
AC079601.1	0
AC079610.2	0
AC079684.1	0
AC079753.1	0
AC079779.2	0
AC079834.2	0
AC079848.1	0
AC079915.1	0
AC079922.2	0
AC079949.2	0
AC080013.1	0
AC080023.1	0
AC080038.2	0
AC080038.3	0
AC080112.1	0
AC080129.2	0
AC080188.2	0
AC082651.1	0
AC083798.2	0
AC083799.1	0
AC083805.2	0
AC083841.1	0
AC083843.3	0
AC083843.4	0
AC083880.1	0
AC083900.1	0
AC083964.1	0
AC083964.2	0
AC083967.1	0
AC084018.2	0
AC084024.1	0
AC084026.2	0
AC084036.1	0
AC084048.1	0
AC084082.1	0
AC084117.1	0
AC084125.2	0
AC084125.4	0
AC084757.3	0
AC084757.4	0
AC084782.1	0
AC084809.1	0
AC084824.3	0
AC084824.4	0
AC084824.5	0
AC084859.1	0
AC087163.3	0
AC087203.3	0
AC087222.1	0
AC087269.1	0
AC087273.2	0
AC087284.1	0
AC087289.3	0
AC087301.1	0
AC087354.1	0
AC087362.2	0
AC087392.3	0
AC087473.1	0
AC087477.2	0
AC087481.3	0
AC087482.1	0
AC087500.1	0
AC087501.4	0
AC087623.3	0
AC087645.2	0
AC087683.2	0
AC087721.1	0
AC087741.1	0
AC087742.1	0
AC087893.1	0
AC089983.1	0
AC089998.1	0
AC089999.2	0
AC090023.2	0
AC090061.1	0
AC090114.2	0
AC090152.1	0
AC090164.2	0
AC090181.2	0
AC090181.3	0
AC090204.1	0
AC090220.1	0
AC090229.1	0
AC090236.2	0
AC090241.3	0
AC090246.1	0
AC090358.1	0
AC090409.1	0
AC090415.2	0
AC090510.1	0
AC090510.2	0
AC090510.3	0
AC090515.4	0
AC090515.5	0
AC090578.1	0
AC090589.3	0
AC090616.6	0
AC090739.1	0
AC090772.3	0
AC090809.1	0
AC090825.1	0
AC090826.1	0
AC090844.2	0
AC090844.3	0
AC090912.1	0
AC090948.1	0
AC090948.2	0
AC090948.3	0
AC090952.1	0
AC090970.2	0
AC091053.1	0
AC091057.1	0
AC091057.3	0
AC091060.1	0
AC091062.1	0
AC091100.1	0
AC091132.1	0
AC091132.3	0
AC091132.4	0
AC091133.1	0
AC091133.2	0
AC091152.2	0
AC091152.4	0
AC091153.3	0
AC091180.3	0
AC091181.1	0
AC091182.1	0
AC091182.2	0
AC091185.1	0
AC091271.1	0
AC091305.1	0
AC091544.4	0
AC091564.2	0
AC091729.3	0
AC091806.1	0
AC091849.2	0
AC091965.1	0
AC091965.4	0
AC091982.3	0
AC092040.1	0
AC092111.1	0
AC092111.2	0
AC092112.1	0
AC092115.3	0
AC092117.2	0
AC092118.2	0
AC092119.3	0
AC092120.1	0
AC092123.1	0
AC092127.1	0
AC092127.2	0
AC092131.1	0
AC092134.1	0
AC092135.1	0
AC092135.3	0
AC092139.3	0
AC092142.1	0
AC092162.3	0
AC092167.1	0
AC092168.2	0
AC092171.1	0
AC092171.3	0
AC092171.4	2
AC092171.5	0
AC092279.1	0
AC092279.2	0
AC092332.1	0
AC092343.1	0
AC092368.3	0
AC092375.2	0
AC092378.2	0
AC092384.3	0
AC092437.1	0
AC092490.1	0
AC092574.1	0
AC092598.1	0
AC092611.1	0
AC092614.1	1
AC092634.3	0
AC092645.1	0
AC092653.1	0
AC092653.2	0
AC092667.1	0
AC092683.1	0
AC092692.1	0
AC092718.1	0
AC092718.2	0
AC092718.4	1
AC092718.7	0
AC092794.1	0
AC092803.2	0
AC092809.4	0
AC092811.1	0
AC092828.1	0
AC092849.1	0
AC092849.2	0
AC092910.3	0
AC092919.2	0
AC092941.2	0
AC092953.2	0
AC093001.1	0
AC093010.2	0
AC093010.3	0
AC093157.1	0
AC093157.2	0
AC093278.2	0
AC093297.2	0
AC093323.2	0
AC093330.1	0
AC093382.1	0
AC093388.1	0
AC093484.3	0
AC093495.1	0
AC093510.1	0
AC093510.2	0
AC093520.1	0
AC093525.10	0
AC093525.4	0
AC093525.6	0
AC093525.8	0
AC093525.9	0
AC093591.2	0
AC093627.1	0
AC093627.4	0
AC093627.7	0
AC093635.1	0
AC093642.2	0
AC093673.1	0
AC093726.2	0
AC093752.2	0
AC093788.1	0
AC093799.1	0
AC093895.1	0
AC093904.4	0
AC093909.6	0
AC093915.1	0
AC095057.3	0
AC096536.2	0
AC096537.1	0
AC096577.1	0
AC096586.1	0
AC096636.1	0
AC096642.1	0
AC096649.1	0
AC096720.2	0
AC096772.1	0
AC096887.2	0
AC096921.2	0
AC096947.1	0
AC097103.2	0
AC097359.2	0
AC097376.2	0
AC097451.1	0
AC097468.3	0
AC097478.1	0
AC097478.2	0
AC097515.1	0
AC097532.2	0
AC097534.1	0
AC097634.1	0
AC097634.3	0
AC097639.1	0
AC097641.2	0
AC097662.1	0
AC098487.1	0
AC098820.1	0
AC098828.3	0
AC099066.2	0
AC099343.2	0
AC099343.3	0
AC099344.1	0
AC099494.2	0
AC099494.3	0
AC099506.1	0
AC099508.1	0
AC099509.1	0
AC099518.1	0
AC099518.4	0
AC099521.2	0
AC099522.2	0
AC099568.2	0
AC099668.1	0
AC099681.2	0
AC099681.3	0
AC099684.1	0
AC099684.2	0
AC099778.1	0
AC099791.2	0
AC099792.1	0
AC099804.1	0
AC099811.1	0
AC099811.5	0
AC099850.1	0
AC100774.1	0
AC100793.2	0
AC100797.1	0
AC100800.1	0
AC100801.1	0
AC100803.2	0
AC100803.3	0
AC100810.1	0
AC100810.3	0
AC100827.4	0
AC100830.1	0
AC100830.3	0
AC100860.1	0
AC100861.1	0
AC102945.2	0
AC102953.2	0
AC103591.3	0
AC103691.1	0
AC103702.1	0
AC103702.2	0
AC103706.1	0
AC103736.1	0
AC103740.1	0
AC103746.1	0
AC103760.1	0
AC103770.1	0
AC103858.2	0
AC103923.1	0
AC103957.2	0
AC103974.1	0
AC104024.2	0
AC104035.1	0
AC104071.1	0
AC104109.4	0
AC104113.1	0
AC104118.1	0
AC104123.1	0
AC104135.1	0
AC104170.1	0
AC104187.1	0
AC104211.1	0
AC104237.2	0
AC104407.1	0
AC104447.1	0
AC104458.1	0
AC104506.1	0
AC104521.1	0
AC104561.1	0
AC104561.3	0
AC104564.2	0
AC104564.5	0
AC104590.1	0
AC104640.1	0
AC104662.1	0
AC104663.1	0
AC104667.2	0
AC104695.2	0
AC104695.4	0
AC104699.1	0
AC104791.2	0
AC104793.1	0
AC104806.2	0
AC104809.2	0
AC104819.3	0
AC104825.1	0
AC104958.2	1
AC104964.3	0
AC104964.4	0
AC104971.1	0
AC104985.2	0
AC104986.2	0
AC105020.1	0
AC105020.4	0
AC105020.5	0
AC105046.1	0
AC105114.1	0
AC105118.1	1
AC105137.2	0
AC105206.1	0
AC105219.1	0
AC105235.1	0
AC105277.1	0
AC105339.2	0
AC105339.3	0
AC105345.1	0
AC105383.1	0
AC105411.1	0
AC105429.1	0
AC105446.1	0
AC105749.1	0
AC105760.2	0
AC105942.1	1
AC106017.2	0
AC106028.2	0
AC106028.3	0
AC106038.1	0
AC106712.1	0
AC106744.1	0
AC106782.2	0
AC106786.1	0
AC106791.1	0
AC106820.2	0
AC106820.3	0
AC106820.4	0
AC106875.1	0
AC106876.1	0
AC106886.2	0
AC106886.3	0
AC106895.2	0
AC107021.2	0
AC107027.1	0
AC107032.2	0
AC107068.1	0
AC107214.1	0
AC107214.2	0
AC107294.2	0
AC107308.1	0
AC107375.1	0
AC107419.1	0
AC107464.1	0
AC107464.3	0
AC107884.1	0
AC107926.1	0
AC107959.2	0
AC107959.3	0
AC107982.3	0
AC108010.1	0
AC108047.1	0
AC108134.2	0
AC108134.3	0
AC108206.1	0
AC108449.2	0
AC108463.3	0
AC108488.1	0
AC108673.2	0
AC108673.3	0
AC108676.1	0
AC108704.2	0
AC108751.4	0
AC108865.1	0
AC109322.1	0
AC109326.1	0
AC109347.1	0
AC109361.1	0
AC109361.2	0
AC109449.1	0
AC109460.1	0
AC109460.3	0
AC109635.2	0
AC110048.2	0
AC110285.2	0
AC110285.7	0
AC110491.1	0
AC110769.1	0
AC110769.2	0
AC111170.2	0
AC111182.1	0
AC112178.1	0
AC112187.3	0
AC112206.2	0
AC112229.4	0
AC112484.1	0
AC112484.3	0
AC112496.1	0
AC112512.1	0
AC112694.2	0
AC112721.1	1
AC112722.1	0
AC113189.2	0
AC113189.4	0
AC113194.1	0
AC113414.1	0
AC113615.1	0
AC114271.1	0
AC114291.1	0
AC114316.1	0
AC114730.1	0
AC114763.1	0
AC114810.1	0
AC114947.2	0
AC114956.2	0
AC114980.1	0
AC115284.2	0
AC115618.1	0
AC115619.1	0
AC116021.1	0
AC116025.1	0
AC116025.2	2
AC116036.2	0
AC116096.1	0
AC116158.1	0
AC116348.2	0
AC116351.1	0
AC116366.1	0
AC116407.1	0
AC116407.4	0
AC116447.1	0
AC116667.1	0
AC117382.2	0
AC117402.1	0
AC117498.2	0
AC117503.2	0
AC117503.3	0
AC118282.4	0
AC118344.1	1
AC118344.2	0
AC118553.1	0
AC118658.1	0
AC119427.1	0
AC119428.2	0
AC119800.1	0
AC120024.1	0
AC120036.4	0
AC120053.1	0
AC120114.1	0
AC120114.3	0
AC120498.4	0
AC120498.9	0
AC121338.2	0
AC121493.1	0
AC121761.2	0
AC122688.3	0
AC123768.2	0
AC123768.4	0
AC123777.1	0
AC124016.1	0
AC124017.1	0
AC124067.2	0
AC124242.1	0
AC124248.1	0
AC124276.1	0
AC124283.1	0
AC124283.3	0
AC124283.5	0
AC124290.1	0
AC124312.3	0
AC124319.2	0
AC124319.3	0
AC124319.5	0
AC124798.1	0
AC125257.1	1
AC125437.1	0
AC125437.2	0
AC125494.1	0
AC125494.2	0
AC125616.1	0
AC125807.2	0
AC126474.1	0
AC126474.2	0
AC126768.3	0
AC126773.4	0
AC127002.1	0
AC127024.5	0
AC127024.6	0
AC127024.8	0
AC127070.1	0
AC127070.2	0
AC127070.4	0
AC127164.1	0
AC127502.2	0
AC127526.2	0
AC128687.2	0
AC128709.3	0
AC129507.2	0
AC129507.3	0
AC129926.1	0
AC130448.1	0
AC130456.3	0
AC130650.2	0
AC130710.1	0
AC131009.1	0
AC131009.4	0
AC131011.1	0
AC131097.3	1
AC131212.2	0
AC131212.3	0
AC131235.2	0
AC131238.1	0
AC131649.2	0
AC132192.2	0
AC132217.1	0
AC132872.1	0
AC132872.2	0
AC132872.3	0
AC132872.4	0
AC132938.2	0
AC132938.3	0
AC132938.5	0
AC133065.3	0
AC133540.1	0
AC133552.5	0
AC133785.1	0
AC134043.1	0
AC134349.1	0
AC134407.2	0
AC134407.3	0
AC134772.1	0
AC135048.1	0
AC135048.4	0
AC135050.3	0
AC135050.5	0
AC135178.5	0
AC135803.1	0
AC136475.2	0
AC136475.3	0
AC136475.4	0
AC136475.7	0
AC136489.1	0
AC136604.2	0
AC136621.1	0
AC136624.1	0
AC136944.2	0
AC137630.3	0
AC137630.4	0
AC137723.1	0
AC137834.2	0
AC137932.1	0
AC137932.3	0
AC138028.4	0
AC138035.1	0
AC138150.1	0
AC138150.2	0
AC138207.2	0
AC138207.4	0
AC138230.1	0
AC138356.1	0
AC138393.3	0
AC138430.1	0
AC138627.1	0
AC138649.1	0
AC138696.2	0
AC138894.2	0
AC138904.1	0
AC138907.10	0
AC138907.8	0
AC138907.9	0
AC138932.5	0
AC138951.2	0
AC138965.2	0
AC138965.3	0
AC139099.1	0
AC139100.1	0
AC139100.2	0
AC139149.1	0
AC139256.2	0
AC139491.2	0
AC139530.2	0
AC139749.1	0
AC139887.1	0
AC139887.2	0
AC139887.4	0
AC140481.3	0
AC140912.1	0
AC141586.3	0
AC141586.4	0
AC141586.5	0
AC144548.1	0
AC144652.1	0
AC145098.2	0
AC145124.1	0
AC145207.9	0
AC145285.6	0
AC145343.1	0
AC145350.2	0
AC145422.1	0
AC145423.3	0
AC146944.4	0
AC147067.1	0
AC147651.1	0
AC147651.4	0
AC148476.1	0
AC148477.2	0
AC148477.3	0
AC148477.4	0
AC156455.1	0
AC159540.2	0
AC174065.1	0
AC211433.1	0
AC211476.2	0
AC215522.2	0
AC226118.1	0
AC232271.1	0
AC233266.2	0
AC233280.1	0
AC233701.1	0
AC233723.2	0
AC233992.1	0
AC234582.1	0
AC234582.2	0
AC234775.3	0
AC234778.2	0
AC239584.1	0
AC239798.2	0
AC239798.4	0
AC239799.1	0
AC239800.2	0
AC239803.1	0
AC239803.2	0
AC239803.3	0
AC239804.1	0
AC239809.3	0
AC239868.2	0
AC240565.1	0
AC240565.2	0
AC242426.2	0
AC243562.3	0
AC243830.2	0
AC243960.1	0
AC243960.3	0
AC243964.2	0
AC243965.2	0
AC244034.2	0
AC244090.1	0
AC244090.3	0
AC244093.4	0
AC244153.1	0
AC244197.2	0
AC244453.2	0
AC244517.5	0
AC245041.2	0
AC245052.4	0
AC245060.5	0
AC245297.3	0
AC245595.1	0
AC245884.8	0
AC246793.1	0
AC246817.2	0
AC253536.3	0
AC253536.6	0
AC254562.3	0
AC254629.1	0
AC254633.1	0
ACAP2-IT1	4
ACOXL-AS1	1
ACTN1-AS1	0
ACVR2B-AS1	6
AD000813.1	0
AD000864.2	0
AD001527.2	0
ADAMTS19-AS1	0
ADAMTSL4-AS1	1
ADD3-AS1	2
ADGRD1-AS1	0
ADIRF-AS1	10
ADNP-AS1	1
ADORA2A-AS1	4
AF001548.1	0
AF064858.1	0
AF106564.1	0
AF111167.2	0
AF111169.3	0
AF121898.1	0
AF127577.3	0
AF127577.4	1
AF127936.2	0
AF129075.2	0
AF131215.6	0
AF131216.3	0
AF196972.1	0
AF233439.1	0
AF241725.1	0
AF250324.1	0
AF254983.1	0
AF279873.3	0
AFAP1-AS1	187
AGAP1-IT1	1
AGAP11	6
AGAP2-AS1	78
AGBL1-AS1	0
AGPAT4-IT1	0
AJ003147.3	0
AJ009632.2	0
AJ011931.1	0
AJ239328.1	0
AL008628.1	0
AL008718.2	0
AL008721.2	0
AL008727.1	0
AL008729.1	0
AL008729.2	0
AL009031.1	0
AL021068.1	0
AL021154.1	0
AL021328.1	0
AL021368.2	0
AL021368.3	0
AL021578.1	0
AL021707.1	0
AL021707.2	0
AL021707.3	0
AL021707.6	0
AL021877.2	0
AL021878.2	0
AL022067.1	0
AL022068.1	0
AL022069.2	0
AL022322.1	0
AL022323.1	0
AL022324.3	0
AL022326.1	0
AL022326.2	0
AL022328.1	0
AL022328.2	0
AL022341.1	0
AL022341.2	0
AL022393.1	0
AL023284.4	0
AL023803.1	0
AL023803.2	0
AL023803.3	0
AL023806.1	0
AL024498.1	0
AL024507.2	0
AL024508.2	0
AL031005.1	0
AL031009.1	0
AL031055.1	0
AL031056.1	0
AL031058.1	0
AL031282.2	0
AL031283.2	0
AL031320.2	0
AL031432.3	0
AL031587.3	0
AL031595.3	0
AL031663.3	0
AL031665.1	0
AL031666.1	0
AL031666.3	0
AL031667.3	0
AL031719.2	0
AL031728.1	0
AL031768.1	0
AL031847.1	0
AL031963.3	0
AL031985.3	1
AL033397.1	0
AL033504.1	0
AL033527.2	0
AL033527.3	0
AL033543.1	0
AL034346.1	0
AL034374.1	0
AL034397.2	0
AL034399.2	0
AL034550.2	0
AL035252.3	0
AL035425.1	0
AL035425.3	0
AL035425.4	0
AL035446.1	0
AL035461.2	0
AL035530.2	0
AL035587.1	0
AL035661.1	0
AL035681.1	0
AL049539.1	0
AL049543.1	0
AL049555.1	0
AL049597.2	0
AL049629.1	0
AL049747.1	0
AL049775.1	0
AL049775.3	0
AL049776.1	0
AL049780.3	0
AL049794.1	0
AL049795.1	0
AL049830.3	0
AL049836.1	0
AL049840.1	0
AL049840.2	0
AL049840.3	0
AL049840.4	0
AL049840.5	0
AL050341.2	0
AL050343.1	0
AL078590.3	0
AL078601.2	0
AL078612.1	0
AL078612.2	0
AL078621.3	0
AL079342.3	0
AL080276.2	0
AL080317.1	0
AL080317.2	0
AL080317.3	0
AL096677.1	0
AL096678.1	0
AL096701.3	0
AL096828.3	0
AL096865.1	0
AL096870.2	0
AL109613.1	0
AL109614.1	0
AL109615.2	0
AL109615.3	0
AL109806.1	0
AL109811.1	0
AL109923.1	0
AL109936.2	0
AL109945.1	0
AL110115.1	0
AL110115.2	0
AL117190.1	0
AL117332.1	0
AL117336.1	0
AL117339.4	0
AL117350.1	0
AL117379.1	0
AL117382.1	0
AL117382.2	0
AL118505.1	0
AL118508.1	0
AL118508.2	0
AL118508.3	0
AL118511.1	0
AL118516.1	0
AL118558.3	0
AL121583.1	0
AL121603.2	0
AL121655.1	0
AL121658.1	0
AL121672.1	0
AL121748.1	0
AL121753.2	0
AL121760.1	0
AL121768.2	0
AL121772.1	0
AL121772.3	0
AL121790.1	0
AL121829.2	0
AL121832.1	0
AL121832.3	0
AL121839.2	0
AL121845.1	0
AL121894.2	0
AL121899.1	0
AL121906.2	0
AL121928.1	0
AL121929.1	0
AL121929.2	0
AL121944.1	0
AL121985.1	0
AL121987.2	0
AL122019.1	0
AL122125.1	0
AL132639.2	0
AL132655.2	0
AL132656.2	0
AL132657.1	0
AL132711.1	0
AL132712.1	0
AL132780.4	0
AL132780.5	0
AL132801.1	0
AL132989.1	0
AL133153.2	0
AL133215.2	0
AL133243.3	0
AL133245.1	0
AL133284.1	0
AL133299.1	0
AL133325.3	0
AL133338.1	0
AL133342.1	0
AL133343.2	0
AL133351.1	0
AL133353.1	0
AL133367.1	0
AL133375.1	0
AL133383.1	0
AL133410.1	0
AL133410.2	0
AL133467.1	0
AL133467.2	0
AL133467.4	0
AL133485.1	0
AL133523.1	0
AL135744.1	0
AL135791.1	0
AL135905.1	0
AL135910.1	0
AL135925.1	0
AL135999.1	0
AL135999.2	0
AL135999.3	0
AL136040.1	0
AL136131.3	0
AL136162.1	0
AL136164.3	0
AL136172.1	0
AL136221.1	0
AL136295.2	0
AL136295.7	0
AL136298.1	0
AL136304.1	0
AL136317.2	0
AL136320.1	0
AL136379.1	0
AL136528.1	0
AL136531.1	0
AL136531.3	0
AL136980.1	0
AL136982.1	0
AL136984.1	0
AL137003.2	0
AL137009.1	0
AL137026.2	0
AL137077.2	0
AL137127.1	0
AL137191.1	0
AL137244.1	0
AL137246.1	0
AL137779.2	0
AL137796.1	0
AL137802.2	0
AL138688.2	0
AL138689.1	0
AL138690.1	0
AL138724.1	0
AL138749.1	0
AL138820.1	0
AL138826.1	0
AL138955.1	0
AL138960.1	0
AL138963.3	0
AL138976.2	0
AL139005.1	0
AL139011.1	0
AL139039.3	0
AL139041.1	0
AL139099.1	0
AL139123.1	0
AL139124.1	0
AL139130.1	0
AL139158.2	0
AL139220.2	0
AL139246.3	0
AL139246.5	0
AL139260.1	0
AL139286.2	0
AL139287.1	0
AL139289.2	0
AL139339.1	0
AL139339.2	0
AL139349.1	0
AL139353.2	0
AL139384.2	0
AL139385.1	4
AL139393.2	0
AL139407.1	0
AL139412.1	0
AL157392.3	0
AL157400.4	0
AL157402.1	0
AL157702.2	0
AL157756.1	0
AL157813.1	0
AL157902.2	0
AL157931.2	0
AL157944.1	0
AL157996.1	0
AL158055.1	0
AL158071.3	0
AL158071.5	0
AL158152.1	0
AL158163.1	0
AL158163.2	0
AL158212.4	0
AL159169.2	0
AL159169.3	0
AL160006.1	0
AL160314.2	0
AL160394.1	0
AL160408.3	0
AL160408.6	0
AL161421.1	0
AL161431.1	17
AL161457.2	0
AL161668.1	0
AL161668.4	0
AL161669.3	0
AL161729.1	0
AL161729.2	0
AL161729.3	0
AL161729.4	0
AL161751.1	0
AL161772.1	0
AL161804.1	0
AL162171.2	0
AL162171.4	0
AL162231.2	0
AL162231.4	1
AL162258.2	0
AL162274.1	0
AL162274.2	0
AL162377.1	0
AL162386.2	0
AL162390.1	0
AL162411.1	0
AL162412.1	0
AL162413.1	0
AL162426.1	0
AL162431.2	0
AL162457.2	0
AL162586.1	0
AL162591.2	0
AL162632.1	0
AL162741.1	0
AL163051.1	0
AL163051.2	0
AL163953.1	0
AL353150.1	0
AL353194.1	0
AL353593.1	0
AL353593.2	0
AL353596.1	0
AL353597.3	0
AL353608.3	0
AL353622.1	0
AL353708.1	0
AL353708.3	0
AL353719.1	0
AL353740.1	0
AL353747.2	0
AL353747.3	0
AL353763.1	0
AL353763.2	0
AL353795.3	0
AL353801.3	0
AL353803.4	0
AL353804.1	0
AL353807.2	0
AL353898.3	0
AL354694.1	0
AL354696.1	0
AL354696.2	0
AL354760.1	0
AL354811.1	0
AL354836.1	0
AL354861.3	0
AL354872.2	0
AL354892.1	0
AL354892.2	0
AL354892.3	0
AL354919.1	0
AL354920.1	0
AL354993.2	0
AL355001.2	-1
AL355075.4	0
AL355076.2	0
AL355102.4	0
AL355297.3	0
AL355312.4	0
AL355336.1	0
AL355338.1	0
AL355353.1	0
AL355377.2	0
AL355472.3	0
AL355482.2	0
AL355488.1	0
AL355490.1	0
AL355578.1	0
AL355581.1	0
AL355596.1	0
AL355802.2	0
AL355803.1	0
AL355916.1	0
AL356056.1	0
AL356056.2	0
AL356124.2	0
AL356234.2	0
AL356273.3	0
AL356299.2	0
AL356481.1	0
AL356481.2	0
AL356488.2	0
AL356488.3	0
AL356512.1	0
AL356740.1	0
AL356740.2	0
AL356740.3	0
AL356750.1	0
AL356966.1	0
AL357033.3	0
AL357054.4	0
AL357055.3	0
AL357079.1	0
AL357140.2	0
AL357146.1	0
AL357558.1	0
AL357992.1	0
AL358472.2	0
AL358472.3	0
AL358472.4	0
AL358781.1	0
AL358781.2	0
AL358790.1	0
AL359091.3	0
AL359198.1	0
AL359258.2	0
AL359258.3	0
AL359317.2	0
AL359397.1	0
AL359510.2	0
AL359513.1	0
AL359541.1	0
AL359643.2	0
AL359643.3	0
AL359697.1	0
AL359711.2	0
AL359715.1	0
AL359715.2	0
AL359715.4	0
AL359764.1	0
AL359834.1	0
AL359881.1	0
AL359881.2	0
AL359881.3	0
AL359921.1	0
AL359921.2	0
AL359922.3	0
AL359924.1	0
AL360007.1	0
AL360012.1	0
AL360181.1	1
AL360181.2	0
AL360219.1	0
AL360270.3	0
AL365181.2	0
AL365181.4	0
AL365205.2	0
AL365226.2	0
AL365259.1	0
AL365330.1	0
AL365356.3	0
AL365361.1	1
AL390066.1	0
AL390195.1	-1
AL390195.2	0
AL390198.1	0
AL390719.2	0
AL390726.3	0
AL390726.4	0
AL390728.6	0
AL390755.1	0
AL390955.2	0
AL390961.3	0
AL391056.1	0
AL391069.2	0
AL391095.1	0
AL391095.3	0
AL391152.1	0
AL391244.1	0
AL391244.2	0
AL391422.4	0
AL391425.1	0
AL391427.1	0
AL391684.1	0
AL391832.2	0
AL391834.1	0
AL392083.1	0
AL392089.1	0
AL392172.1	0
AL441883.1	0
AL441992.1	0
AL442067.2	0
AL442125.1	0
AL442128.2	0
AL442663.3	0
AL445072.1	0
AL445222.1	0
AL445248.1	0
AL445309.1	0
AL445363.3	0
AL445483.1	0
AL445490.1	0
AL445524.1	0
AL445645.1	1
AL445649.1	0
AL445686.2	0
AL449423.1	0
AL450326.1	0
AL450384.2	0
AL450992.1	0
AL450998.2	0
AL451042.1	0
AL451042.2	0
AL451064.1	0
AL451069.1	0
AL451085.1	0
AL451085.2	0
AL451165.2	0
AL512283.1	0
AL512303.1	0
AL512306.2	0
AL512310.10	0
AL512329.2	0
AL512343.2	0
AL512353.1	0
AL512363.1	0
AL512413.1	0
AL512506.1	0
AL512604.3	0
AL512652.1	0
AL512652.2	0
AL513165.1	0
AL513190.1	0
AL513217.1	0
AL513314.2	0
AL513320.1	0
AL513327.3	0
AL513329.1	0
AL513477.2	0
AL513478.2	0
AL513548.1	0
AL513548.3	0
AL513550.1	0
AL583722.1	0
AL583722.2	0
AL583722.3	0
AL583810.2	0
AL589182.1	0
AL589642.1	0
AL589642.2	0
AL589684.1	0
AL589765.5	0
AL589765.6	0
AL589843.1	0
AL589935.1	0
AL590004.3	-1
AL590226.1	-1
AL590226.2	0
AL590235.1	0
AL590399.3	-1
AL590428.1	0
AL590560.2	-1
AL590560.3	-1
AL590617.2	0
AL590644.1	0
AL590652.1	0
AL590683.1	-1
AL590705.1	-1
AL590705.3	1
AL590708.1	-1
AL590714.1	-1
AL590764.1	0
AL590787.1	0
AL590867.1	0
AL590999.1	0
AL591222.1	0
AL591623.1	0
AL591845.1	0
AL591848.2	0
AL591848.3	0
AL591848.4	0
AL591895.1	0
AL592166.1	0
AL592211.1	0
AL592424.1	0
AL592494.2	0
AL596094.1	0
AL596202.1	0
AL596223.1	0
AL596325.2	0
AL603832.2	0
AL603839.3	0
AL604028.1	0
AL606519.1	0
AL606760.1	0
AL606807.1	0
AL606970.1	0
AL627171.1	0
AL627171.2	0
AL627309.5	0
AL645504.1	0
AL645568.1	0
AL645608.2	0
AL645608.4	0
AL645608.7	0
AL645608.8	0
AL645728.1	0
AL645933.2	0
AL645940.1	0
AL662864.1	0
AL662890.1	0
AL662907.1	0
AL662907.2	0
AL669831.5	0
AL669942.1	0
AL670729.3	0
AL671710.1	0
AL683807.1	0
AL683813.1	0
AL691432.2	0
AL691447.2	0
AL691482.3	0
AL691515.2	0
AL731533.2	0
AL731563.3	0
AL731569.1	0
AL731571.1	0
AL731577.2	0
AL731684.1	0
AL732314.4	0
AL732372.1	0
AL732437.1	0
AL807757.2	0
AL844908.1	0
AL928654.1	0
AL928921.1	0
AL928970.1	0
AL929236.1	0
AL929472.2	0
AL929601.1	0
ALDH1L1-AS2	2
ALOX12-AS1	2
ANKRD10-IT1	2
ANKRD44-IT1	1
AP000221.1	0
AP000240.1	0
AP000251.1	0
AP000253.1	0
AP000254.1	0
AP000265.1	0
AP000317.1	0
AP000320.1	0
AP000345.2	0
AP000346.1	0
AP000350.5	0
AP000350.6	0
AP000357.2	0
AP000424.1	0
AP000431.1	0
AP000437.1	0
AP000439.2	1
AP000442.2	0
AP000446.1	0
AP000487.1	1
AP000525.1	0
AP000532.2	0
AP000550.1	0
AP000553.2	0
AP000560.1	0
AP000561.1	0
AP000569.1	0
AP000577.1	0
AP000640.1	0
AP000648.3	0
AP000688.1	0
AP000695.1	0
AP000695.2	2
AP000704.1	0
AP000708.1	0
AP000757.1	0
AP000766.1	0
AP000777.2	0
AP000786.1	0
AP000802.1	0
AP000808.1	0
AP000842.3	0
AP000844.2	0
AP000864.1	0
AP000866.2	0
AP000873.2	0
AP000873.4	0
AP000880.1	0
AP000894.4	0
AP000911.1	0
AP000924.1	0
AP000941.1	0
AP000977.1	0
AP001020.2	0
AP001029.1	0
AP001029.2	0
AP001033.1	0
AP001033.2	0
AP001059.1	0
AP001059.2	0
AP001062.1	0
AP001062.2	0
AP001062.3	0
AP001094.2	0
AP001107.4	0
AP001107.9	0
AP001120.2	0
AP001148.1	0
AP001160.1	0
AP001160.3	0
AP001178.1	0
AP001267.1	0
AP001267.3	0
AP001271.1	0
AP001273.1	0
AP001318.2	0
AP001347.1	0
AP001350.2	0
AP001372.2	0
AP001412.1	0
AP001429.1	1
AP001432.1	0
AP001453.2	0
AP001453.3	0
AP001453.4	0
AP001462.1	0
AP001469.2	0
AP001469.3	1
AP001476.1	0
AP001486.2	0
AP001496.2	0
AP001528.1	0
AP001528.2	0
AP001626.1	0
AP001628.1	0
AP001628.2	0
AP001631.1	0
AP001767.4	0
AP001781.1	0
AP001803.2	0
AP001816.1	0
AP001830.1	0
AP001893.1	0
AP001922.5	0
AP001972.5	0
AP002008.1	0
AP002026.1	0
AP002360.1	0
AP002360.3	0
AP002380.1	0
AP002387.2	0
AP002409.1	0
AP002478.1	0
AP002490.1	0
AP002495.1	0
AP002748.3	0
AP002754.1	0
AP002800.1	0
AP002807.1	0
AP002812.5	0
AP002833.2	0
AP002847.1	0
AP002852.1	0
AP002884.1	-1
AP002884.4	-1
AP002907.1	0
AP002957.1	-1
AP003062.1	0
AP003068.2	-1
AP003068.3	0
AP003086.1	-1
AP003108.4	-1
AP003108.5	0
AP003119.1	0
AP003119.2	0
AP003352.1	0
AP003354.1	0
AP003390.1	0
AP003392.4	0
AP003392.6	0
AP003419.2	0
AP003419.3	0
AP003486.1	0
AP003559.1	0
AP003721.4	0
AP003774.1	0
AP003900.1	0
AP004608.1	2
AP004609.1	0
AP005131.6	0
AP005205.3	0
AP005230.1	0
AP005233.2	0
AP005242.4	0
AP005264.7	0
AP005329.3	0
AP005482.3	0
AP005717.1	0
AP006216.2	0
AP006248.3	0
AP006248.4	0
AP006248.5	0
AP006284.1	0
AP006333.1	0
AP006545.1	0
AP006621.2	0
AP006621.3	0
AP006621.5	0
AP006623.1	0
APCDD1L-DT	6
APOA1-AS	10
APTR	16
ARF4-AS1	0
ARHGAP27P1-BPTFP1-KPNA2P3	0
ARHGAP31-AS1	3
ARHGAP5-AS1	6
ARLNC1	5
ARMCX3-AS1	0
ARMCX5-GPRASP2	1
ARRDC1-AS1	4
ASAP1-IT2	1
ASB16-AS1	20
ASH1L-AS1	3
ASMTL-AS1	14
ATP1A1-AS1	7
ATP2A1-AS1	3
ATP2C2-AS1	0
ATP6V1B1-AS1	0
ATXN2-AS	1
AZIN1-AS1	3
B3GALT5-AS1	10
B4GALT1-AS1	10
BAALC-AS1	2
BACH1-AS1	0
BACH1-IT1	1
BACH1-IT2	2
BAIAP2-DT	3
BBOX1-AS1	31
BCDIN3D-AS1	0
BDNF-AS	62
BGLT3	5
BNC2-AS1	1
BOK-AS1	1
BOLA3-AS1	6
BRWD1-IT1	0
BSN-DT	0
BVES-AS1	5
BX088651.2	0
BX255923.1	0
BX255923.2	0
BX255925.1	0
BX284668.2	0
BX284668.5	0
BX293535.1	0
BX322234.1	0
BX322234.2	0
BX537318.1	0
BX537318.2	0
BX649632.1	0
C10orf111	0
C10orf25	1
C10orf71-AS1	1
C11orf44	0
C12orf77	0
C12orf80	0
C15orf54	3
C17orf102	0
C17orf77	0
C18orf65	0
C1QTNF1-AS1	5
C1RL-AS1	9
C1orf220	0
C20orf197	-1
C21orf62-AS1	3
C22orf34	4
C2CD4D-AS1	1
C2orf27B	0
C3orf35	3
C5orf66	22
C6orf99	5
C8orf31	2
C9orf106	3
C9orf139	8
C9orf163	3
CA3-AS1	5
CACNA1C-AS1	1
CACNA1C-AS2	2
CAMTA1-DT	0
CARD8-AS1	12
CARMN	36
CASC18	4
CASC2	178
CASC8	40
CASC9	101
CATIP-AS2	0
CCDC144NL-AS1	24
CCDC18-AS1	10
CCDC183-AS1	3
CCNT2-AS1	1
CDC42-IT1	0
CEBPA-DT	7
CEP83-DT	0
CERNA1	4
CFAP58-DT	4
CFLAR-AS1	1
CHKB-DT	2
CIRBP-AS1	1
CNNM3-DT	3
COA6-AS1	1
COLCA1	10
CPB2-AS1	2
CPEB1-AS1	0
CPEB2-DT	0
CPNE8-AS1	0
CR382285.2	0
CR786580.1	0
CR936218.2	0
CRIM1-DT	1
CRNDE	291
CRYZL2P-SEC16B	1
CSTF3-DT	0
CU633906.1	0
CU638689.1	0
CU638689.5	0
CU639417.2	0
CU639417.4	0
CU639417.5	0
CYP4F26P	3
CYTOR	111
DANCR	250
DANT2	3
DBH-AS1	21
DCST1-AS1	21
DCXR-DT	1
DDN-AS1	4
DDX11-AS1	42
DEPDC1-AS1	6
DGCR11	1
DGCR9	2
DGUOK-AS1	8
DHCR24-DT	0
DHRS4-AS1	-1
DIAPH2-AS1	1
DIO3OS	32
DLEU2	102
DLEU2L	2
DLG5-AS1	2
DLGAP1-AS1	21
DLGAP1-AS2	31
DLGAP1-AS5	0
DLX2-DT	0
DLX6-AS1	117
DNAAF4-CCPG1	0
DNAH17-AS1	5
DNAJB5-DT	0
DNM1P35	4
DNM1P41	1
DNM3OS	38
DPH6-DT	2
DPP10-AS1	5
DSCAM-AS1	62
DSCR4-IT1	0
DTX2P1-UPK3BP1-PMS2P11	0
DUXAP8	71
EAF1-AS1	1
EBLN3P	24
EDRF1-DT	0
EGFLAM-AS1	0
EGFR-AS1	33
EGOT	34
EIF3J-DT	5
EIPR1-IT1	0
ELF3-AS1	11
ELN-AS1	2
ELOA-AS1	3
ELOVL2-AS1	3
EMC1-AS1	0
EML2-AS1	0
EMX2OS	30
ENO1-AS1	0
ENTPD3-AS1	4
EP300-AS1	5
EPB41L4A-DT	3
EPCAM-DT	0
EPHA5-AS1	0
ERI3-IT1	0
ERICH6-AS1	0
ERVE-1	0
ERVH48-1	8
ERVK13-1	2
ERVK9-11	0
EXOC3-AS1	2
EXOSC10-AS1	1
EXTL3-AS1	0
FALEC	15
FAM106A	1
FAM13A-AS1	15
FAM157C	2
FAM182A	4
FAM198B-AS1	2
FAM201A	15
FAM215A	6
FAM215B	1
FAM222A-AS1	3
FAM223A	0
FAM223B	1
FAM225A	10
FAM30A	12
FAM66D	0
FAM83C-AS1	4
FAM85B	0
FAM95B1	2
FAM99A	9
FAM99B	7
FARP1-AS1	2
FBXL19-AS1	27
FEZF1-AS1	73
FGF10-AS1	1
FGF12-AS2	6
FGF14-AS2	13
FGF14-IT1	2
FILNC1	-1
FIRRE	54
FLJ45513	0
FLVCR1-DT	1
FMR1-AS1	4
FMR1-IT1	2
FO393401.1	0
FO393415.1	0
FO393418.1	0
FOXD2-AS1	119
FOXD3-AS1	50
FOXN3-AS1	3
FOXP1-IT1	2
FOXP4-AS1	35
FP236240.1	0
FP236383.2	0
FP236383.3	0
FP325332.1	0
FP565171.1	0
FP671120.4	0
FSIP2-AS1	0
FUT8-AS1	2
G2E3-AS1	1
GABPB1-AS1	21
GACAT2	-1
GACAT3	23
GAPLINC	38
GARS-DT	0
GAS6-AS1	29
GAS6-DT	1
GASAL1	-1
GATA2-AS1	13
GATA6-AS1	21
GDNF-AS1	4
GEMIN7-AS1	1
GHET1	56
GHRLOS	6
GIHCG	18
GLIDR	5
GLIS2-AS1	2
GLYCTK-AS1	0
GMDS-DT	1
GPC5-IT1	0
GPRC5D-AS1	6
GSEC	20
GSN-AS1	1
GTSE1-DT	0
GUSBP11	14
H19	2627
H1FX-AS1	2
HAGLR	57
HAGLROS	38
HAND2-AS1	94
HAR1B	12
HAS2-AS1	19
HCG11	59
HCG14	3
HDAC11-AS1	2
HDAC4-AS1	2
HECW2-AS1	0
HEIH	60
HELLPAR	8
HEXD-IT1	0
HGC6.3	0
HHIP-AS1	16
HLX-AS1	0
HM13-AS1	0
HM13-IT1	1
HNF4A-AS1	15
HOMER3-AS1	1
HOXA-AS2	92
HOXA-AS3	30
HOXA10-AS	20
HOXA11-AS	132
HOXB-AS1	13
HOXB-AS3	28
HOXC-AS1	10
HOXC13-AS	15
HOXD-AS2	17
HS1BP3-IT1	0
HYMAI	6
ID2-AS1	1
IDH1-AS1	8
IDI2-AS1	7
IER3-AS1	0
IFT74-AS1	0
IGF2-AS	42
IGF2BP2-AS1	2
IGFBP7-AS1	8
IGFL2-AS1	20
IL12A-AS1	0
IL21R-AS1	2
IL6R-AS1	2
ILF3-DT	5
INE1	3
IQCJ-SCHIP1-AS1	1
IRAIN	15
ISPD-AS1	0
ITFG1-AS1	1
ITGA6-AS1	4
ITGA9-AS1	2
ITGB1-DT	9
ITGB2-AS1	20
JARID2-AS1	0
JMJD1C-AS1	2
JPX	69
KANSL1-AS1	2
KAZN-AS1	0
KCNK15-AS1	8
KCNMB2-AS1	12
KCNQ1OT1	500
KCTD21-AS1	2
KDM7A-DT	2
KF459542.1	0
KIAA1614-AS1	0
KIF9-AS1	9
KLF3-AS1	18
KLF7-IT1	1
KLHL30-AS1	0
KMT2E-AS1	1
KRT7-AS	8
KRT73-AS1	0
KTN1-AS1	19
L34079.3	0
LAMA5-AS1	3
LAMP5-AS1	4
LCMT1-AS1	1
LENG8-AS1	2
LGALS8-AS1	4
LHFPL3-AS2	4
LHX1-DT	6
LIF-AS1	0
LIFR-AS1	25
LIMD1-AS1	6
LIN28B-AS1	3
LINC00028	0
LINC00052	22
LINC00106	6
LINC00115	18
LINC00163	2
LINC00173	45
LINC00174	15
LINC00184	5
LINC00189	4
LINC00200	-1
LINC00205	16
LINC00211	1
LINC00221	6
LINC00235	0
LINC00239	9
LINC00242	4
LINC00243	2
LINC002481	0
LINC00261	86
LINC00265	22
LINC00266-1	1
LINC00299	10
LINC00304	-1
LINC00310	6
LINC00311	5
LINC00313	-1
LINC00315	0
LINC00324	37
LINC00326	2
LINC00327	1
LINC00337	13
LINC00339	41
LINC00342	24
LINC00345	0
LINC00346	33
LINC00377	2
LINC00423	1
LINC00426	15
LINC00449	5
LINC00460	117
LINC00461	29
LINC00462	6
LINC00467	46
LINC00470	9
LINC00472	51
LINC00476	3
LINC00479	1
LINC00482	13
LINC00488	8
LINC00494	7
LINC00511	93
LINC00513	9
LINC00514	10
LINC00519	6
LINC00525	18
LINC00526	2
LINC00528	6
LINC00539	4
LINC00543	4
LINC00552	0
LINC00562	1
LINC00598	5
LINC00599	9
LINC00602	0
LINC00605	3
LINC00612	4
LINC00618	2
LINC00621	0
LINC00624	4
LINC00629	8
LINC00632	10
LINC00637	1
LINC00638	9
LINC00641	32
LINC00642	0
LINC00645	11
LINC00649	13
LINC00652	3
LINC00653	0
LINC00662	39
LINC00664	5
LINC00667	26
LINC00668	22
LINC00671	5
LINC00682	2
LINC00683	3
LINC00685	1
LINC00698	2
LINC00702	14
LINC00706	1
LINC00707	27
LINC00838	0
LINC00840	0
LINC00843	2
LINC00847	9
LINC00852	10
LINC00853	6
LINC00857	37
LINC00858	20
LINC00862	3
LINC00863	0
LINC00865	4
LINC00870	2
LINC00871	0
LINC00880	6
LINC00882	5
LINC00885	8
LINC00893	10
LINC00894	13
LINC00900	12
LINC00907	0
LINC00909	-1
LINC00917	3
LINC00920	5
LINC00923	-1
LINC00924	7
LINC00926	16
LINC00930	5
LINC00940	1
LINC00941	44
LINC00954	3
LINC00957	9
LINC00958	45
LINC00963	49
LINC00967	0
LINC00973	11
LINC00987	6
LINC00992	7
LINC01001	3
LINC01002	3
LINC01003	5
LINC01004	5
LINC01006	8
LINC01010	7
LINC01016	5
LINC01018	13
LINC01023	1
LINC01030	0
LINC01033	0
LINC01050	2
LINC01053	0
LINC01055	2
LINC01063	13
LINC01068	3
LINC01087	9
LINC01089	25
LINC01094	36
LINC01096	0
LINC01102	1
LINC01116	73
LINC01118	3
LINC01119	5
LINC01124	3
LINC01126	3
LINC01128	11
LINC01132	5
LINC01133	66
LINC01134	11
LINC01136	2
LINC01137	18
LINC01138	19
LINC01140	18
LINC01152	3
LINC01160	2
LINC01164	1
LINC01165	3
LINC01166	0
LINC01169	0
LINC01173	1
LINC01176	3
LINC01184	11
LINC01191	1
LINC01197	5
LINC01198	8
LINC01203	1
LINC01213	2
LINC01219	1
LINC01220	1
LINC01224	24
LINC01234	41
LINC01235	11
LINC01237	0
LINC01238	0
LINC01239	0
LINC01252	0
LINC01257	1
LINC01268	6
LINC01270	14
LINC01273	2
LINC01275	1
LINC01276	0
LINC01277	0
LINC01278	11
LINC01281	6
LINC01287	7
LINC01290	3
LINC01293	0
LINC01303	4
LINC01305	7
LINC01311	3
LINC01315	10
LINC01320	5
LINC01337	0
LINC01341	1
LINC01348	2
LINC01355	6
LINC01356	2
LINC01357	1
LINC01358	2
LINC01359	1
LINC01366	1
LINC01389	2
LINC01391	2
LINC01410	18
LINC01411	3
LINC01419	14
LINC01424	0
LINC01426	21
LINC01433	6
LINC01445	0
LINC01447	2
LINC01449	2
LINC01470	0
LINC01473	0
LINC01474	0
LINC01480	5
LINC01489	0
LINC01502	1
LINC01503	31
LINC01504	2
LINC01508	5
LINC01521	0
LINC01526	2
LINC01534	3
LINC01537	9
LINC01541	4
LINC01545	2
LINC01546	2
LINC01547	8
LINC01549	1
LINC01550	7
LINC01551	3
LINC01558	0
LINC01560	2
LINC01564	4
LINC01572	9
LINC01578	6
LINC01583	1
LINC01585	1
LINC01587	0
LINC01589	3
LINC01597	0
LINC01602	1
LINC01605	17
LINC01607	0
LINC01609	0
LINC01615	18
LINC01629	3
LINC01630	0
LINC01633	0
LINC01635	1
LINC01638	15
LINC01639	2
LINC01644	1
LINC01647	0
LINC01666	0
LINC01671	4
LINC01675	0
LINC01703	5
LINC01719	1
LINC01730	0
LINC01749	2
LINC01752	1
LINC01754	0
LINC01758	0
LINC01762	2
LINC01767	1
LINC01770	1
LINC01771	0
LINC01778	1
LINC01781	1
LINC01783	6
LINC01786	1
LINC01788	1
LINC01792	0
LINC01801	1
LINC01806	1
LINC01807	0
LINC01816	3
LINC01828	1
LINC01841	0
LINC01842	1
LINC01843	8
LINC01844	0
LINC01852	2
LINC01864	0
LINC01871	24
LINC01873	0
LINC01876	2
LINC01909	0
LINC01913	0
LINC01933	1
LINC01934	2
LINC01936	4
LINC01943	6
LINC01967	0
LINC01971	0
LINC01977	5
LINC01979	0
LINC01980	7
LINC01998	0
LINC02001	0
LINC02008	0
LINC02014	1
LINC02015	4
LINC02019	1
LINC02021	0
LINC02026	0
LINC02041	2
LINC02043	1
LINC02051	0
LINC02054	0
LINC02055	1
LINC02057	3
LINC02059	0
LINC02067	1
LINC02076	1
LINC02078	1
LINC02080	1
LINC02084	5
LINC02087	0
LINC02104	0
LINC02119	0
LINC02125	0
LINC02130	0
LINC02132	1
LINC02154	14
LINC02158	0
LINC02166	2
LINC02185	0
LINC02193	2
LINC02198	2
LINC02204	0
LINC02227	0
LINC02246	1
LINC02247	0
LINC02267	0
LINC02269	0
LINC02273	3
LINC02274	0
LINC02287	0
LINC02289	1
LINC02298	3
LINC02303	0
LINC02310	1
LINC02313	2
LINC02321	6
LINC02325	1
LINC02331	1
LINC02334	2
LINC02340	0
LINC02347	1
LINC02352	0
LINC02365	0
LINC02367	2
LINC02381	26
LINC02384	3
LINC02395	0
LINC02413	0
LINC02426	0
LINC02427	0
LINC02432	2
LINC02446	9
LINC02447	2
LINC02453	1
LINC02454	10
LINC02458	0
LINC02475	1
LINC02476	3
LINC02482	0
LINC02498	0
LINC02503	0
LINC02506	0
LINC02516	1
LINC02519	0
LINC02523	1
LINC02525	1
LINC02527	1
LINC02528	1
LINC02535	5
LINC02539	0
LINC02541	2
LINC02542	0
LINC02551	1
LINC02562	1
LINC02573	0
LINC02575	3
LINC02580	3
LINC02582	3
LINC02585	1
LINC02593	5
LINC02600	1
LINC02601	0
LINC02603	0
LINC02604	0
LINC02605	2
LINC02609	4
LINC02613	3
LINC02614	1
LINC02615	1
LINC02631	0
LINC02649	2
LINC02656	1
LINC02657	4
LINC02672	2
LINP1	30
LIPE-AS1	16
LIVAR	0
LIX1-AS1	0
LMO7-AS1	2
LNCAROD	8
LNCOG	1
LNCTAM34A	3
LOH12CR2	4
LOXL1-AS1	70
LPP-AS2	5
LRP4-AS1	0
LRRC3-DT	0
LUARIS	0
LUNAR1	11
LURAP1L-AS1	2
LY6E-DT	2
LYPLAL1-AS1	3
LYPLAL1-DT	6
MAFA-AS1	5
MAFG-DT	13
MAGEA10-MAGEA5	0
MAGEA8-AS1	0
MAGI1-IT1	5
MALAT1	2548
MAMDC2-AS1	3
MAN1B1-DT	0
MANEA-DT	0
MAP3K2-DT	1
MAP4K3-DT	1
MAPK6-DT	0
MAPKAPK5-AS1	30
MAST4-AS1	0
MBNL1-AS1	32
MCF2L-AS1	18
MCM3AP-AS1	79
MCPH1-AS1	1
MED14OS	2
MEG3	1153
MEG8	53
MEG9	13
METTL14-DT	1
MHENCR	5
MIAT	400
MIF-AS1	7
MIMT1	3
MINCR	30
MIR1-1HG-AS1	2
MIR17HG	212
MIR181A1HG	9
MIR181A2HG	9
MIR193BHG	15
MIR194-2HG	5
MIR210HG	68
MIR222HG	9
MIR22HG	80
MIR29B2CHG	8
MIR3142HG	11
MIR3150BHG	0
MIR31HG	84
MIR34AHG	3
MIR3681HG	1
MIR3936HG	0
MIR4435-2HG	118
MIR4458HG	4
MIR4500HG	1
MIR4697HG	5
MIR497HG	14
MIR503HG	56
MIR600HG	16
MIR646HG	0
MIR663AHG	5
MIR762HG	1
MIR9-3HG	13
MIRLET7A1HG	0
MIRLET7BHG	7
MKLN1-AS	39
MMP25-AS1	5
MNX1-AS1	60
MNX1-AS2	0
MORF4L2-AS1	2
MRGPRF-AS1	1
MRPL20-AS1	1
MRPL23-AS1	9
MRVI1-AS1	2
MSC-AS1	45
MUC20-OT1	1
MYCNOS	14
MYLK-AS1	17
MYOSLID	19
N4BP2L2-IT2	2
NAALADL2-AS2	3
NAGPA-AS1	0
NALT1	7
NAPA-AS1	1
NARF-IT1	1
NCK1-DT	6
NDUFV2-AS1	1
NEAT1	1558
NIFK-AS1	11
NKAIN3-IT1	0
NKILA	120
NNT-AS1	57
NOP14-AS1	12
NORAD	224
NPSR1-AS1	7
NPTN-IT1	2
NR2F1-AS1	51
NRAV	38
NRIR	28
NRSN2-AS1	5
NSMCE1-DT	1
NUP50-DT	1
NUTM2A-AS1	23
NUTM2B-AS1	5
ODC1-DT	0
OGFR-AS1	0
OGFRP1	20
OSER1-DT	1
OSGEPL1-AS1	0
OSMR-AS1	5
OSTN-AS1	2
OVAAL	7
OVCH1-AS1	2
P3H2-AS1	1
PANDAR	64
PAPPA-AS1	2
PAPPA-AS2	0
PART1	92
PAXIP1-AS1	12
PAXIP1-AS2	1
PCAT14	13
PCAT6	76
PCAT7	14
PCBP1-AS1	23
PCBP2-OT1	0
PCED1B-AS1	30
PCF11-AS1	0
PCOLCE-AS1	1
PCOTH	0
PCSK6-AS1	1
PDCD4-AS1	7
PHKA2-AS1	0
PICSAR	23
PIK3CD-AS2	5
PIK3IP1-AS1	0
PITPNA-AS1	19
PITRM1-AS1	0
PKN2-AS1	1
PLAC4	4
PLCE1-AS1	2
PLCG1-AS1	0
POU6F2-AS1	4
PPM1K-DT	0
PPP1R26-AS1	4
PRKAR2A-AS1	0
PRKCQ-AS1	20
PROSER2-AS1	1
PROX1-AS1	18
PRR34-AS1	10
PRR7-AS1	4
PRRT3-AS1	11
PSMA3-AS1	26
PSMB8-AS1	30
PSMD6-AS1	0
PSMD6-AS2	2
PTOV1-AS2	5
PTPRG-AS1	21
PURPL	21
PVT1	929
PWAR1	2
PWAR5	4
PXN-AS1	12
RAB11B-AS1	15
RAB30-AS1	1
RAD51-AS1	14
RAP2C-AS1	4
RARA-AS1	2
RASSF1-AS1	3
RASSF8-AS1	8
RB1-DT	0
RBFADN	0
RBM12B-AS1	0
RBMS3-AS3	5
RBPMS-AS1	8
RFX3-AS1	2
RGMB-AS1	19
RHOA-IT1	0
RHPN1-AS1	43
RMRP	134
RMST	59
RN7SL832P	0
RNASEH1-AS1	2
RNF139-AS1	2
RNF217-AS1	3
RNFT1-DT	0
ROR1-AS1	23
RORA-AS1	1
RTCA-AS1	1
RUNDC3A-AS1	7
RUSC1-AS1	17
SAMMSON	27
SATB2-AS1	19
SBF2-AS1	62
SCAMP1-AS1	2
SCARNA9	6
SCAT1	5
SCAT8	4
SCOC-AS1	1
SDCBP2-AS1	6
SEC23A-AS1	0
SEC24B-AS1	4
SEMA3B-AS1	21
SEMA6A-AS1	5
SENCR	40
SEPSECS-AS1	3
SEPT4-AS1	0
SERPINB9P1	4
SERTAD4-AS1	1
SFTA1P	30
SH3BP5-AS1	12
SLC12A5-AS1	2
SLC12A9-AS1	1
SLC25A21-AS1	10
SLC25A25-AS1	7
SLC25A34-AS1	0
SLC7A11-AS1	20
SLC9A3-AS1	10
SLCO4A1-AS1	24
SLFNL1-AS1	2
SLX1A-SULT1A3	0
SLX1B-SULT1A4	0
SMAD5-AS1	9
SMAD9-IT1	0
SMARCA5-AS1	2
SMCR2	0
SMG7-AS1	1
SMIM15-AS1	0
SMIM2-AS1	1
SNAP25-AS1	2
SNCA-AS1	1
SND1-IT1	12
SNHG1	344
SNHG10	32
SNHG11	41
SNHG12	187
SNHG14	158
SNHG15	146
SNHG16	277
SNHG17	79
SNHG19	10
SNHG20	64
SNHG21	2
SNHG22	16
SNHG25	14
SNHG26	11
SNHG29	18
SNHG5	148
SNHG6	154
SNHG8	72
SNHG9	36
SNRK-AS1	1
SOS1-IT1	5
SOX21-AS1	45
SOX9-AS1	6
SP2-AS1	2
SPART-AS1	2
SPATA3-AS1	0
SPINT1-AS1	14
SPON1-AS1	0
SPRY4-AS1	2
SRD5A3-AS1	3
SRP14-AS1	4
SSBP3-AS1	0
SSSCA1-AS1	0
ST20-AS1	1
ST3GAL6-AS1	5
ST7-AS1	16
ST7-OT4	0
ST8SIA6-AS1	26
STAG3L5P-PVRIG2P-PILRB	2
STARD4-AS1	15
STARD7-AS1	2
STIM2-AS1	0
STK24-AS1	0
STK4-AS1	1
STPG3-AS1	2
STRA6LP	0
STX17-AS1	3
STXBP5-AS1	14
SUCLA2-AS1	0
SUCLG2-AS1	6
SUGT1P4-STRA6LP	0
SYNGAP1-AS1	1
TAF1A-AS1	2
TARID	11
TAT-AS1	0
TBC1D8-AS1	0
TBILA	4
TBX2-AS1	7
TCL6	31
TDRG1	34
TESC-AS1	0
TGFB2-AS1	8
THAP7-AS1	7
THAP9-AS1	17
THRB-AS1	0
TIPARP-AS1	2
TM4SF1-AS1	9
TMCC1-AS1	20
TMEM108-AS1	0
TMEM132D-AS1	1
TMEM147-AS1	6
TMEM161B-AS1	8
TMEM44-AS1	3
TMEM51-AS1	5
TMLHE-AS1	0
TMPO-AS1	87
TNFRSF14-AS1	5
TNKS2-AS1	1
TNRC6C-AS1	8
TOB1-AS1	10
TOLLIP-AS1	1
TONSL-AS1	5
TP53TG1	38
TPM1-AS	3
TPT1-AS1	34
TRAF3IP2-AS1	19
TRAM2-AS1	3
TRG-AS1	19
TRIM52-AS1	6
TSC22D1-AS1	0
TSPEAR-AS1	4
TSPEAR-AS2	7
TTC28-AS1	6
TTC39A-AS1	1
TTN-AS1	65
TTTY10	4
TUG1	763
TYMSOS	15
U47924.3	0
U62317.1	0
U62317.2	0
U62317.4	0
U73166.1	0
U73169.1	0
U91319.1	0
U91328.1	0
UBA6-AS1	10
UBAC2-AS1	4
UBE2D3-AS1	0
UBE2E1-AS1	0
UBE2R2-AS1	11
UBL7-AS1	5
UBXN10-AS1	4
UBXN7-AS1	1
UCA1	622
UCKL1-AS1	0
UPK1A-AS1	5
URB1-AS1	4
USP2-AS1	11
USP27X-AS1	3
USP3-AS1	4
USP30-AS1	44
USP46-AS1	1
UVRAG-DT	0
UXT-AS1	3
VAC14-AS1	1
VLDLR-AS1	7
VPS33B-DT	0
VPS9D1-AS1	38
WAC-AS1	14
WASIR2	3
WDFY3-AS2	24
WDR86-AS1	1
WNT5A-AS1	1
WWC2-AS2	6
XIST	1562
XXYLT1-AS2	2
YTHDF3-AS1	2
Z68871.1	1
Z69706.1	0
Z73965.1	0
Z82243.1	0
Z83843.1	0
Z83844.2	0
Z84485.1	0
Z84492.1	0
Z92544.2	0
Z93022.1	0
Z93241.1	0
Z93930.2	0
Z94721.2	0
Z95115.1	0
Z95331.1	0
Z97192.2	0
Z97192.3	0
Z97198.1	0
Z97200.1	0
Z97653.2	0
Z97832.2	0
Z98752.4	0
Z98883.1	0
Z98884.2	0
Z99129.3	0
Z99129.4	0
Z99289.2	0
Z99289.3	0
Z99943.1	0
ZBED5-AS1	4
ZBTB11-AS1	1
ZBTB40-IT1	2
ZEB1-AS1	127
ZFAS1	268
ZFHX2-AS1	2
ZFPM2-AS1	54
ZIM2-AS1	1
ZKSCAN2-DT	5
ZMIZ1-AS1	4
ZNF114-AS1	0
ZNF197-AS1	1
ZNF213-AS1	1
ZNF236-DT	2
ZNF346-IT1	1
ZNF426-DT	0
ZNF433-AS1	0
ZNF436-AS1	3
ZNF451-AS1	1
ZNF460-AS1	0
ZNF503-AS1	8
ZNF503-AS2	1
ZNF528-AS1	0
ZNF529-AS1	1
ZNF561-AS1	4
ZNF667-AS1	46
ZNF674-AS1	13
ZNF687-AS1	1
ZNF793-AS1	0
ZNRF3-AS1	2
ZRANB2-AS2	3
ZSCAN16-AS1	8
ZSWIM8-AS1	1
